Sr. #,"Name of Procurement/
Head of Account","Estimated
cost/budget
for Financial
year 2025-26",Procurement Method,"Tentative date
of ProcMurement
ANotice
Publication","Tentative
date of
Award of
Contract","Tentative
date of
Completion",Remarks
18.,"A13101-Repair/Maintenance
of Machinery and Equipment","3,000,000","n
Quotations/Pre-Qualification/petty purchases on requirement
i
a
basis under relevant provisions of PPR, 2004.","7
425.08.2025
:","On need
basis",30.06.2026,-do-
19.,"A13201-Repair/Maintenance
of Furniture and Fixtures","1,000,000","s r 6
Quotations/Pre-Qualification/petty pusrchases o o n require 2 ment
u t :
a 1
basis under relevant provisions of PPR, 2004.",25.08.2025,"On need
basis",30.06.2026,-do-
20.,"A13701-Repair/Maintenance
of Hardware","1,000,000","H
r 1
Quotations/Pre-Qualification /p etty purschtases on requirement
b ,
basis under relevant provisioins of PPR i , 2004. 5",25.08.2025,"On need
basis",30.06.2026,-do-
21.,"A13703-Repair/Maintenance
of I.T. Equipment","1,000,000","a l i n 2
Quotations/Pre-QualifTication/pemtty purcha0ses on requirement
2
basis under relevant provisions of PPR, 2004.",25.08.2025,"On need
basis",30.06.2026,-do-
