Sr. #,"Name of Procurement/
Head of Account","Estimated
cost/budget
for Financial
year 2025-26","Procurement Method
n
i
a
s r 6","M
A
Tentative date
o7f Procurement
4
: Notice
Publication","Tentative
date of
Award of
Contract","Tentative
date of
Completion",Remarks
1.,"A03201-Postage and
Telegraph","600,000","s o 2
Direct contract with Pakistan Post Ouffice. a t 1 :
H
r",-,-,30.06.2026,As per policy
2.,"A03202-Telephone and
Trunk Call","6,500,000","1
t
Direct contract with NTC. l i b n i s 5 ,",-,-,30.06.2026,-do-
3.,"A03204-Electronic
Communication","225,000","a i 2
T m 0
Direct contract with N TC, quo tations and2 petty purchases under
d
d
relevant provisions of PPR, 2004.",-,-,30.06.2026,-do-
4.,"A03205-Courier and Pilot
Service","100,000","e A t ,
Direct cont racyt with Pabki stan Po st sOffice, quotations and petty
S u
purchases under relevant provisions of PPR, 2004.",-,-,30.06.2026,-do-
5.,A3303-Electricity,"4,500,000","e g
W u
Direct payment to IESCO.",-,-,30.06.2026,-do-
6.,A03407-Rates and Taxes,"200,000","A
Direct payment to NH2A and ETO.",-,-,30.06.2026,-do-
7.,"A03806-Transportation of
Goods","100,000","1
Quotations/Pre-Q,ualification/petty purchases on requirement
y
basis under relevant provisions of PPR, 2004.","M
A-",-,30.06.2026,-do-
8.,A03807-P.O.L Charges,"8,000,000","a
n
d
Direct payment to Pakistan State Oil (PSO).i
s a","7
4 -
:",-,30.06.2026,-do-
9.,A03901-Stationery,"7,000,000","e s r 6
Opuen Competitive Biddings/quotatisons/petty opurchase2s on
T u t :
requirement basis under relevant provisions of PPR, 2004.",25.08.2025,25.09.2025,30.06.2026,-do-
10.,"A03902-Printing and
Publication","2,000,000","a 1
H
r 1
Direct payment to PCPP /q uotation s/tpetty p u rchases on
b s ,
requirement basis under relevant proviisions of PPR, 2004.",-,-,30.06.2026,-do-
11.,"A03903-Conferences/
Seminars/Workshops","15,000,000","5
Open Competitive Bid di a ng l s i /Prem-Qui n alifica0tio 2 n/quotations/petty
T
purchases on require ment badsis under 2relevant provisions of
d
PPR, 2004. ,",-,-,30.06.2026,-do-
12.,A03905-Newspapers,"800,000","A
e t
Direct paym enyt to Newbs A gencyu/q s uotations/petty purchases on
S
e
requirement basis under relevant provisions of PPR, 2004.",-,-,30.06.2026,-do-
13.,"A03906-Uniforms and
Protective Clothing","350,000","g
W u
Quotations/Pre-QualificaAtion/petty purchases on requirement
basis under relevant pro visions of PPR, 2004.",25.08.2025,25.09.2025,30.06.2026,-do-
14.,"A03907-Advertising &
Publicity","2,500,000","2
Direct contract 1with PID/quotations/petty purchases on
requirement basi,s under relevant provisions of PPR, 2004.",On need basis,"On need
basis",30.06.2026,-do-
15.,"A03955-Other Store –
Computer Stationery","7,000,000","y
Open Comapetitive Biddings/quotations/petty purchases on
d
requirement basis under relevant provisions of PPR, 2004.",25.08.2025,25.09.2025,30.06.2026,-do-
16.,A03970-Others,"6,000,000","s
Opene Competitive Biddings/quotations/petty purchases on
u
requirement basis under relevant provisions of PPR, 2004.",25.08.2025,25.09.2025,30.06.2026,-do-
17.,"A13001-Repair/Maintenance
of Transport","2,500,000","T
Quotations/Pre-Qualification/petty purchases on requirement
basis under relevant provisions of PPR, 2004.",25.08.2025,"On need
basis",30.06.2026,-do-
