,Cumulative Position of Land Holding wise Farm Loan Disbursements 2021-22,,,,,,,,,,,,,,,,,,,,,
"Size of
Farm",,MFBs***,,,,,,"MFIs/RSPs****
*",,Islamic Banks****,,,,,,All Pakistan,,,,,,
,,,"s
r
e
w
o
r
r
o
B
f
o
r
e
b
m
u
N",,,"d
e
s
r
u
b
s
i
D
t
n
u
o
m
A",,,,,"s
r
e
w
o
r
r
o
B
f
o
r
e
b
m
u
N",,,"d
e
s
r
u
b
s
i
D
t
n
u
o
m
A",,,"s
r
e
w
o
r
r
o
B
f
o
r
e
b
m
u
N",,,"d
e
s
r
u
b
s
i
D
t
n
u
o
m
A",,
"Upto 5
Acers",,"613,732",,,"81,258",,,"94,268","5,423",-,,,-,,,,,,,,,
"Above 5-
12.5 Acers",,-,,,-,,,-,-,"2,252",,,"16,834",,,,,,,,,
"Above
12.5-25
Acers",,-,,,-,,,-,-,148,,,"2,950",,,,,,,,,
"Above 25-
50 Acres",,-,,,-,,,-,-,216,,,"17,154",,,,,,,,,
"Above 50-
100 Acres",,-,,,-,,,-,-,-,,,-,,,,,,,,,
"Above 100
Acres",,-,,,-,,,-,-,-,,,-,,,,,,,,,
