TABLE OF CONTENTS,,
Table No.,Contents,Page
,Agriculture Statistics of Pakistan Salient Features in Charts 2021-22,i-xv
Table 1,"Summary of Area, Production and Yield of Agricultural Commodities",1
"Part-I AREA, PRODUCTION & YIELD OF IMPORTANT CROPS",,
a) MAJOR AND MINOR CROPS,,
Table 2,Area and Production of Crops by Groups,2
Table 3,Wheat,3
Table 4,Wheat (Variety-Wise),5
Table 5,Wheat by Mode of Irrigation,8
Table 6,Rice,13
Table 7,Rice (Variety Wise),15
Table 8,Maize,20
Table 9,Bajra (Millet),22
Table 10,Jowar (Sorghum),24
Table 11,Barley,26
Table 12,All Cereals,28
Table 13,Sugarcane,29
Table 14,Cotton,31
Table 15,Cotton (Variety Wise),33
Table 16,Sunhemp,36
Table 17,Tobacco,38
Table 18,Sugarbeet,40
Table 19,Guarseed,42
Table 20,Gram,44
Table 21,Mung,46
Table 22,Mash,48
Table 23,Masoor (Lentil),50
Table 24,Mattar (Dry Pease Whole),52
Table 25,Other Kharif Pulses,54
Table 26,Other Rabi Pulses,56
Table 27,All Pulses,58
Table 28,Rapeseed and Mustard,59
Table 29,Canola,61
Table 30,Groundnut,63
Table 31,Sesamum,65
Table 32,Non-Traditional Oilseeds,67
Table 33,Linseed,70
Table 34,Castorseed,72
Table 35,Onion,74
Table 36,Garlic,76
Table 37,Chillies,78
