UNDER 1.0,414
1.0 TO UNDER 2.5,870
2.5 TO UNDER 5.0,250
5.0 TO UNDER 7.5,173
7.5 TO UNDER 12.5,206
12.5 TO UNDER 25.0,6
25.0 TO UNDER 50.0,6
50.0 TO UNDER 100.0,-
100.0 AND ABOVE,-
UPPER KOHISTAN DISTRICT,
PRIVATE-FARMS TOTAL,3369
UNDER 1.0,3134
2.5 TO UNDER 5.0,51
5.0 TO UNDER 7.5,184
7.5 TO UNDER 12.5,-
12.5 TO UNDER 25.0,-
25.0 TO UNDER 50.0,-
50.0 TO UNDER 100.0,-
100.0 AND ABOVE,-
LOWER KOHISTAN DISTRICT,
PRIVATE-FARMS TOTAL,626
UNDER 1.0,549
1.0 TO UNDER 2.5,78
2.5 TO UNDER 5.0,-
5.0 TO UNDER 7.5,-
7.5 TO UNDER 12.5,-
12.5 TO UNDER 25.0,-
25.0 TO UNDER 50.0,-
50.0 TO UNDER 100.0,-
100.0 AND ABOVE,-
KOHAT DIVISION,
PRIVATE-FARMS TOTAL,21603
UNDER 1.0,3992
1.0 TO UNDER 2.5,5783
2.5 TO UNDER 5.0,3974
5.0 TO UNDER 7.5,2495
7.5 TO UNDER 12.5,3668
12.5 TO UNDER 25.0,1551
25.0 TO UNDER 50.0,141
50.0 TO UNDER 100.0,-
100.0 AND ABOVE,-
HANGU DISTRICT,
PRIVATE-FARMS TOTAL,2236
UNDER 1.0,869
1.0 TO UNDER 2.5,412
2.5 TO UNDER 5.0,635
5.0 TO UNDER 7.5,120
7.5 TO UNDER 12.5,201
,-
2125.50 TO UNDER 5250.0,-
25.0 TO UNDER 50.0,-
50.0 TO UNDER 100.0,-
K10A0R.A0 KA NDDIS TARBIOCTVE,
PRIVATE-FARMS TOTAL,3466
UNDER 1.0,1117
1.0 TO UNDER 2.5,1252
