UNDER 1.0,1
1.0 TO UNDER 2.5,3
2.5 TO UNDER 5.0,1
,3
5.0 TO UNDER 7.5,6
7.5 TO UNDER 12.5,-
2152.05 TO UNDER 5205.0,-
25.0 TO UNDER 50.0,-
50.0 TO UNDER 100.0,390
K10IL0L.A0 ASANIDFU ALBLOAVHE DISTRICT,
PRIVATE-FARMS TOTAL,-
UNDER 1.0,-
1.0 TO UNDER 2.5,-
2.5 TO UNDER 5.0,-
5.0 TO UNDER 7.5,-
7.5 TO UNDER 12.5,-
12.5 TO UNDER 25.0,-
25.0 TO UNDER 50.0,-
50.0 TO UNDER 100.0,-
100.0 AND ABOVE,-
SHERANI DISTRICT,
PRIVATE-FARMS TOTAL,390
UNDER 1.0,-
1.0 TO UNDER 2.5,-
2.5 TO UNDER 5.0,-
5.0 TO UNDER 7.5,-
7.5 TO UNDER 12.5,-
12.5 TO UNDER 25.0,-
25.0 TO UNDER 50.0,-
50.0 TO UNDER 100.0,-
100.0 AND ABOVE,390
ZHOB DISTRICT,
PRIVATE-FARMS TOTAL,14
UNDER 1.0,1
1.0 TO UNDER 2.5,3
2.5 TO UNDER 5.0,1
5.0 TO UNDER 7.5,3
7.5 TO UNDER 12.5,6
12.5 TO UNDER 25.0,-
25.0 TO UNDER 50.0,-
50.0 TO UNDER 100.0,-
100.0 AND ABOVE,-
