PRIVATE-FARMS TOTAL,83796
UNDER 1.0,6269.0
1.0 TO UNDER 2.5,19573.0
2.5 TO UNDER 5.0,20618.0
5.0 TO UNDER 7.5,14383.0
7.5 TO UNDER 12.5,9769.0
12.5 TO UNDER 25.0,6902.0
25.0 TO UNDER 50.0,2831.0
50.0 TO UNDER 100.0,2747.0
100.0 AND ABOVE,702.0
LAHORE DIVISION,
PRIVATE-FARMS TOTAL,677408.0
UNDER 1.0,18284.0
1.0 TO UNDER 2.5,118511.0
2.5 TO UNDER 5.0,113494.0
5.0 TO UNDER 7.5,135846.0
7.5 TO UNDER 12.5,127443.0
12.5 TO UNDER 25.0,80756.0
25.0 TO UNDER 50.0,49079.0
50.0 TO UNDER 100.0,13036.0
100.0 AND ABOVE,20959.0
KASUR DISTRICT,
PRIVATE-FARMS TOTAL,249986.0
UNDER 1.0,8057.0
1.0 TO UNDER 2.5,49588.0
2.5 TO UNDER 5.0,44748.0
5.0 TO UNDER 7.5,47561.0
,46039.0
7.5 TO UNDER 12.5,31945.0
1252.05 TO UNDER 5205.0,11978.0
25.0 TO UNDER 50.0,2844.0
50.0 TO UNDER 100.0,7225.0
L1A00H.O0 RAEN DDI SATBROICVTE,
PRIVATE-FARMS TOTAL,60592.0
