UNDER 1.0,525
1.0 TO UNDER 2.5,1852
2.5 TO UNDER 5.0,1586
5.0 TO UNDER 7.5,1320
7.5 TO UNDER 12.5,2867
12.5 TO UNDER 25.0,1530
25.0 TO UNDER 50.0,44
50.0 TO UNDER 100.0,-
100.0 AND ABOVE,-
KURRAM DISTRICT,
PRIVATE-FARMS TOTAL,5572
UNDER 1.0,1362
1.0 TO UNDER 2.5,2079
2.5 TO UNDER 5.0,907
5.0 TO UNDER 7.5,506
7.5 TO UNDER 12.5,599
12.5 TO UNDER 25.0,22
25.0 TO UNDER 50.0,97
50.0 TO UNDER 100.0,-
100.0 AND ABOVE,-
ORAKZAI DISTRICT,
PRIVATE-FARMS TOTAL,603
UNDER 1.0,119
1.0 TO UNDER 2.5,188
2.5 TO UNDER 5.0,277
5.0 TO UNDER 7.5,19
7.5 TO UNDER 12.5,-
12.5 TO UNDER 25.0,-
25.0 TO UNDER 50.0,-
50.0 TO UNDER 100.0,-
100.0 AND ABOVE,-
MALAKAND DIVISION,
PRIVATE-FARMS TOTAL,211554
UNDER 1.0,38128
1.0 TO UNDER 2.5,60648
2.5 TO UNDER 5.0,25574
5.0 TO UNDER 7.5,14580
,66469
7.5 TO UNDER 12.5,3867
1225.50 TO UNDER 5205.0,215
25.0 TO UNDER 50.0,2074
50.0 TO UNDER 100.0,-
1B0U0N.0E RA NDDIS TARBIOCVTE,
PRIVATE-FARMS TOTAL,6038
UNDER 1.0,296
1.0 TO UNDER 2.5,1855
2.5 TO UNDER 5.0,1624
5.0 TO UNDER 7.5,1133
7.5 TO UNDER 12.5,502
12.5 TO UNDER 25.0,505
25.0 TO UNDER 50.0,-
50.0 TO UNDER 100.0,123
100.0 AND ABOVE,-
LOWER CHITRAL DISTRICT,
PRIVATE-FARMS TOTAL,1227
UNDER 1.0,657
1.0 TO UNDER 2.5,412
2.5 TO UNDER 5.0,159
5.0 TO UNDER 7.5,-
7.5 TO UNDER 12.5,-
12.5 TO UNDER 25.0,-
25.0 TO UNDER 50.0,-
50.0 TO UNDER 100.0,-
100.0 AND ABOVE,-
