Unnamed: 0,Tractors / bulldozers /,Unnamed: 1,Tubewells/wells with pump/lift pumps/,Unnamed: 2
,combine harvesters,,submercible pumps,
,Form-1 / Form-1A,,Form-3,
Administrative,(Inventory of tractors / Form-2,,(Inventory of tubewells /,
Unit,bulldozers / combine (Tractors only),,wells with pump / lift pumps / Form-4,
,harvesters),,submercible pumps),
,Settled Areas settled Areas Un- Total Settled Areas settled Areas Un-,Total,Settled Areas settled Areas Un- Total Settled Areas Settled Areas Un-,Total
