1,Unnamed: 0,Unnamed: 1,Unnamed: 2,Unnamed: 3,Unnamed: 4,Unnamed: 5,Unnamed: 6,Unnamed: 7
THARPARKAR (AT MITHI) DISTRICT,18,45,166,157,3,6,-,-
NAGARPARKAR TALUKA,4,10,38,36,1,1,-,-
CHACHRO TALUKA,6,16,40,38,-,2,-,-
MITHI TALUKA,5,10,46,43,2,1,-,-
DIPLO TALUKA,3,9,42,40,-,2,-,-
SANGHAR DISTRICT,16,108,362,335,6,20,1,-
SANGHAR TALUKA,3,22,69,65,2,2,-,-
SINJHORO TALUKA,3,21,88,81,2,5,-,-
KHIPRO TALUKA,3,21,78,73,2,2,1,-
SHAHDADPUR TALUKA,3,20,47,42,-,5,-,-
TANDO ADAM TALUKA,2,13,28,25,-,3,-,-
JAM NAWAZ ALI TALUKA,2,11,52,49,-,3,-,-
SUKKUR DISTRICT,9,44,271,245,10,7,8,1
SUKKUR TALUKA,1,3,3,2,1,-,-,-
ROHRI TALUKA,2,12,67,58,5,3,1,-
PANO AQIL TALUKA,2,16,97,88,2,2,5,-
SALEHPAT TALUKA,2,9,87,86,-,-,-,1
NEW SUKKUR TALUKA,2,4,17,11,2,2,2,-
GHOTKI (AT MIRPUR MATHELO) DISTRICT,13,75,287,260,9,15,3,-
GHOTKI TALUKA,3,21,77,69,2,4,2,-
KHAN GARH (AT KHANPUR MAHAR) TALUKA,2,10,37,36,-,1,-,-
MIRPUR MATHELO TALUKA,4,17,60,51,5,3,1,-
UBAURO TALUKA,2,15,65,59,1,5,-,-
DAHARKI TALUKA,2,12,48,45,1,2,-,-
KHAIRPUR DISTRICT,16,99,411,365,22,12,8,4
KHAIRPUR TALUKA,2,13,46,38,4,4,-,-
GAMBAT TALUKA,2,11,50,45,4,1,-,-
KINGRI TALUKA,2,11,46,45,-,-,1,-
SOBODERO TALUKA,2,12,44,37,7,-,-,-
KOT DIJI TALUKA,3,14,53,45,5,3,-,-
NARA TALUKA,1,3,58,47,-,-,7,4
THARI MIRWAH TALUKA,2,18,55,51,1,3,-,-
FAIZ GANG TALUKA,2,17,59,57,1,1,-,-
NAWABSHAH DISTRICT,8,91,321,291,10,14,4,2
NAWABSHAH TALUKA,1,13,51,44,3,4,-,-
SAKRAND TALUKA,2,18,63,57,1,1,3,1
DAULATPUR TALUKA,3,27,64,56,2,4,1,1
DAUR TALUKA,2,33,143,134,4,5,-,-
NAUSHERO FEROZ DISTRICT,14,97,233,194,2,27,7,3
NAUSHERO FEROZ TALUKA,3,21,60,51,1,7,-,1
BHIRIA TALUKA,2,17,33,21,1,10,-,1
MORO TALUKA,4,26,53,47,-,2,3,1
KANDIARO TALUKA,3,17,53,46,-,3,4,-
MEHRAB PUR TALUKA,2,16,34,29,-,5,-,-
LARKANA DISTRICT,13,51,184,153,14,3,-,14
LARKANA TALUKA,4,15,52,40,9,2,-,1
DOKRI TALUKA,3,10,30,28,2,-,-,-
RATO DERO TALUKA,3,13,56,52,3,-,-,1
BAKRANI TALUKA,3,13,46,33,-,1,-,12
SHAHDADKOT AT KAMBAR DISTRICT,20,70,283,243,4,30,-,6
WARAH TALUKA,3,12,44,29,1,9,-,5
KAMBAR TALUKA,4,18,62,56,-,5,-,1
KUBO SAEED KHAN TALUKA,3,8,38,34,-,4,-,-
SHAHDADKOT TALUKA,3,8,39,35,1,3,-,-
SUJAWAL JUNEJO TALUKA,2,7,32,31,1,-,-,-
MIRO KHAN TALUKA,2,7,38,37,1,-,-,-
NASIRABAD TALUKA,3,10,30,21,-,9,-,-
