SIZE OF FARM,Unnamed: 0,Unnamed: 1
,FODDERS,
(ACRES),,
1,2,
KHYBER PAKHTUNKHWA,,
PRIVATE-FARMS TOTAL,,578194
UNDER 1.0,,97851
1.0 TO UNDER 2.5,,146341
2.5 TO UNDER 5.0,,100012
5.0 TO UNDER 7.5,,64118
7.5 TO UNDER 12.5,,107113
12.5 TO UNDER 25.0,,54516
25.0 TO UNDER 50.0,,2867
50.0 TO UNDER 100.0,,3490
100.0 AND ABOVE,,1885
BANNU DIVISION,,
PRIVATE-FARMS TOTAL,,97602
UNDER 1.0,,10957
1.0 TO UNDER 2.5,,14176
2.5 TO UNDER 5.0,,10421
5.0 TO UNDER 7.5,,14775
7.5 TO UNDER 12.5,,20852
12.5 TO UNDER 25.0,,25832
25.0 TO UNDER 50.0,,479
50.0 TO UNDER 100.0,,110
100.0 AND ABOVE,,-
BANNU DISTRICT,,
PRIVATE-FARMS TOTAL,,5896
UNDER 1.0,,1663
1.0 TO UNDER 2.5,,3121
2.5 TO UNDER 5.0,,682
5.0 TO UNDER 7.5,,223
7.5 TO UNDER 12.5,,203
12.5 TO UNDER 25.0,,-
25.0 TO UNDER 50.0,,4
50.0 TO UNDER 100.0,,-
100.0 AND ABOVE,,-
LAKKI MARWAT DISTRICT,,
PRIVATE-FARMS TOTAL,,73084
UNDER 1.0,,3078
1.0 TO UNDER 2.5,,7496
2.5 TO UNDER 5.0,,7479
5.0 TO UNDER 7.5,,13980
7.5 TO UNDER 12.5,,15841
12.5 TO UNDER 25.0,,24630
