12.5 TO UNDER 25.0,-
25.0 TO UNDER 50.0,-
50.0 TO UNDER 100.0,-
100.0 AND ABOVE,-
BATAGRAM DISTRICT,
PRIVATE-FARMS TOTAL,31
UNDER 1.0,6
1.0 TO UNDER 2.5,25
2.5 TO UNDER 5.0,1
5.0 TO UNDER 7.5,-
7.5 TO UNDER 12.5,-
12.5 TO UNDER 25.0,-
25.0 TO UNDER 50.0,-
50.0 TO UNDER 100.0,-
100.0 AND ABOVE,-
HARIPUR DISTRICT,
PRIVATE-FARMS TOTAL,10076
UNDER 1.0,2143
1.0 TO UNDER 2.5,3391
2.5 TO UNDER 5.0,2667
5.0 TO UNDER 7.5,911
7.5 TO UNDER 12.5,465
12.5 TO UNDER 25.0,482
25.0 TO UNDER 50.0,15
50.0 TO UNDER 100.0,-
100.0 AND ABOVE,-
KOLAI PALAS KOHISTAN DISTRICT,
PRIVATE-FARMS TOTAL,5234
UNDER 1.0,2692
1.0 TO UNDER 2.5,808
2.5 TO UNDER 5.0,1202
5.0 TO UNDER 7.5,532
7.5 TO UNDER 12.5,-
12.5 TO UNDER 25.0,-
25.0 TO UNDER 50.0,-
50.0 TO UNDER 100.0,-
100.0 AND ABOVE,-
MANSEHRA DISTRICT,
PRIVATE-FARMS TOTAL,6607
UNDER 1.0,1885
1.0 TO UNDER 2.5,1936
2.5 TO UNDER 5.0,2043
