Table,Unnamed: 0,Page
No.,Title,Number
55,All Tubewells by Type of Pump,77
56,Electric Tubewells by Type of Pump,77
57,Diesel Tubewells by Type of Pump,77
58,Private Tubewells and Lift Pumps by Year of Installation and by,78
,Working Condition,
59,Private Tubewells and Lift Pumps by Size of Suction / Delivery Pipe,80
60,Private Tubewells by Type of Filter and Length,80
61,Private Tubewells and Lift Pumps by Motive Power and by Type of,80
,Diesel Engine,
62,Private Tubewells by Horse Power of Electric Motor / Diesel Engine,81
,/ Other Power Source,
63,Private Lift Pumps by Horse Power of Electric Motor / Diesel Engine,83
,/ Other Power Source,
64,Private Tubewells by Depth of Water Table at Present and at the,84
,Time of Installation,
65,Private Tubewells Reporting Difference in Water Table at Present,85
,and at the Time of Installation,
66,"Private Tubewells by Boring, Installation Agency and Fitness of",85
,Water,
67,Re-Boring Periodicity of Private Tubewells,85
68,Private Tubewells and Lift Pumps by Tenure and by Type of,86
,Household,
69,"Source of Finance for Purchase, Boring and Installation of Private",88
,Tubewells and Lift Pumps by Type of Household,
70,"Source of Finance for Purchase, Boring and Installation of Private",90
,Tubewells and Lift Pumps by Type and by Year of Purchase,
71,Area Irrigated by Private Tubewells and Lift Pumps During Kharif,92
,2003 and Rabi 2003-04 by Type of Household,
72,Area Operated by Owners of Private Tubewells / Lift Pumps by Size,94
,of Holding,
73,Area Operated by Owners of Private Tubewells by Type and by,96
