0,1,Source_PDF
Activity,Number of activity,AFR2024-25.pdf
Sarsabz Kissan Conventions/Mega Seminars,37,AFR2024-25.pdf
High profile farmer meeting,120,AFR2024-25.pdf
Farmer meeting,"1,301",AFR2024-25.pdf
Farm advisory visits,"26,670",AFR2024-25.pdf
Group discussions with farmers,"1,722",AFR2024-25.pdf
Soil/ irrigation water sampling,"29,059",AFR2024-25.pdf
Field days,208,AFR2024-25.pdf
Field demonstration,197,AFR2024-25.pdf
Collaborative research trails,42,AFR2024-25.pdf
Joint session with agri staff,138,AFR2024-25.pdf
Agro-allied industries staff training,31,AFR2024-25.pdf
High profile farmer testimonial,"1,136",AFR2024-25.pdf
Sarsabz call center for farmer advisory,"23,200",AFR2024-25.pdf
