0,1,2,3,4,Source_PDF
Particulars,"2023-24 
(Actual)","2024-25 
 (Estimates)","2025-26 
(Forecast)","Percent change 
over 2024-25",AFR2024-25.pdf
Production,2855.5,2852.7,2911.4,2.1,AFR2024-25.pdf
Wheat,791.9,797.7,800.1,0.3,AFR2024-25.pdf
Coarse grains,1528.4,1508.4,1559.8,3.4,AFR2024-25.pdf
Rice (milled),535.2,546.6,551.5,0.9,AFR2024-25.pdf
Utilization,2842.7,2875.5,2898.2,0.8,AFR2024-25.pdf
Trade,513.4,478.2,487.2,1.9,AFR2024-25.pdf
Stocks,833.3,865.3,873.6,1.0,AFR2024-25.pdf
Stock to use ratio (%),29.3,30.1,30.1,-,AFR2024-25.pdf
