0,1,2,Source_PDF
"Table No. 
Contents 
Page",,,ASP for Web 2024.pdf
Part-III  AGRICULTURAL INPUTS,,,ASP for Web 2024.pdf
Table  74,Distribution of Improved Seed,138,ASP for Web 2024.pdf
Table  75,"Consumption  of  Fertilizers 
-  Pakistan 
(Quantity  Sold,  Percentage 
Change Over Previous Year and N.P Ratio)",139,ASP for Web 2024.pdf
Table  76,Consumption of Fertilizers (Province-Wise),140,ASP for Web 2024.pdf
Table  77,Season-Wise Consumption of Fertilizers,142,ASP for Web 2024.pdf
Table  78,"Use of Fertilizers, Manures & Insecticides by Size of Farm",143,ASP for Web 2024.pdf
Table  79,Production of Chemical Fertilizers,145,ASP for Web 2024.pdf
Table  80,Import of Fertilizers,146,ASP for Web 2024.pdf
Table  81,Import of Fertilizers (Variety-Wise),147,ASP for Web 2024.pdf
Table  82,"Fertilizer  Consumption 
in  Relation 
to  Cultivated  Area 
in  Selected 
Countries",149,ASP for Web 2024.pdf
Table  83,Variety-Wise Sale Rate of Fertilizers,150,ASP for Web 2024.pdf
Table  84,Fertilizer Plants-Existing Capacity and Actual Production,151,ASP for Web 2024.pdf
Table  85,Overall Water Availability at Farm Gate,152,ASP for Web 2024.pdf
Table  86,Monthly Total Rainfall at Selected Stations,154,ASP for Web 2024.pdf
Table  87,Crop-Wise Area Covered by Aerial Plant Protection Operations,158,ASP for Web 2024.pdf
Table  88,Area Covered by Ground Plant Protection Measures,160,ASP for Web 2024.pdf
Table  89,"Use of Plant Protection Measures on Important Crops by Size of Farm-
2010",162,ASP for Web 2024.pdf
Table  90,Consumption of Pesticides,163,ASP for Web 2024.pdf
Part-IV  AGRICULTURAL CREDIT,,,ASP for Web 2024.pdf
Table  91,Number of Household Under Debt by Tenure and by Type of Household,164,ASP for Web 2024.pdf
Table  92,Supply of Agricultural Credit by Institutions,164,ASP for Web 2024.pdf
Table  93,Agricultural Credit Advanced by ZTBL,165,ASP for Web 2024.pdf
Table  94,Term-Wise Position of Agricultural Credit Advanced by ZTBL,166,ASP for Web 2024.pdf
Table  95,Item-Wise Break-Up of Loans Disbursed by ZTBL,168,ASP for Web 2024.pdf
Table  96,Loans Advanced by ZTBL (by Size of Holdings),170,ASP for Web 2024.pdf
Table  97,Cumulative Recovery Since Inception by ZTBL Upto 30.06.2022,174,ASP for Web 2024.pdf
Table  98,Agricultural Credit Advanced by All Banks (Farm and Non-Farm),175,ASP for Web 2024.pdf
Table  99,"Cumulative Position of Land Holding Wise Farm Loan Disbursement 
2021-22",176,ASP for Web 2024.pdf
Table  100,Agricultural Credit - Development Loans Advanced by All Banks,178,ASP for Web 2024.pdf
Table  101,"Agricultural  Credit  Advanced  by  All  Banks  According 
to  Size  of 
Holding",179,ASP for Web 2024.pdf
Table  102,Term-Wise Loans Advanced to Farmers (Farm Sector) by All Banks,180,ASP for Web 2024.pdf
Table  103,"Item Wise Break Up of Non-Farm Agricultural Credit Advanced by All 
Banks",181,ASP for Web 2024.pdf
Table  104,Tractor Financing,182,ASP for Web 2024.pdf
Table  105,Loans Advanced to Farmers by Agricultural Co-Operative Societies            183,,ASP for Web 2024.pdf
Part-V  MECHANIZATION OF AGRICULTURE,,,ASP for Web 2024.pdf
"Farms Reporting Use of Important Agricultural Machinery by Size of 
Table  106 
106 
Farm",,,ASP for Web 2024.pdf
"Table  107 
188 
Number of Tubewells",,,ASP for Web 2024.pdf
