0,1,2,3,4,5,Source_PDF
Table 106,,,,,,ASP for Web 2024.pdf
FARMS REPORTING USE OF IMPORTANT AGRICULTURAL MACHINERY,,,,,,ASP for Web 2024.pdf
BY SIZE OF FARM,,,,,,ASP for Web 2024.pdf
(In '000' No.),,,,,,ASP for Web 2024.pdf
,All,Tractors,Tubewell/,Thresher,Sheller,ASP for Web 2024.pdf
Size of Farm,Farms,,Pump,,,ASP for Web 2024.pdf
(Hectares),,"Owned
Rented","Owned
Rented","Owned
Rented","Owned
Rented",ASP for Web 2024.pdf
,,,,,,ASP for Web 2024.pdf
1,2,"3
4","5
6","7
8","9
10",ASP for Web 2024.pdf
