0,1,2,3,4,5,6,7,8,9,10,Source_PDF
Table 175,,,,,,,,,,,ASP 21-22.pdf
"ADMINISTRATIVE UUNITS OF PROVINCES, FCT, AZAD KASHMIR & GILGIT BALTISTAN",,,,,,,,,,,ASP 21-22.pdf
(AS ON 25-07-2022),,,,,,,,,,,ASP 21-22.pdf
"Province/ 
Admn. Area",Division,District,"Tehsil/ 
Taluka",,"QH/ 
STC",,PC/TC/UC,,"Mauza/ 
Deh/ 
Village",,ASP 21-22.pdf
"PUNJAB 
KPK* 
SINDH  
Baluchistan","9 
7 
6 
8","36 
35 
30 
34","146 
# 
146 
** 
138 
## 
144 
&",,"812 
  
319 
@ 
273 
  
213",,"7566 
  
2194 
@ 
1463 
  
542",,"25321 
  
9674 
@ 
5717 
  
6419",,ASP 21-22.pdf
Total,30,135,574,,1617,,11765,,47131,,ASP 21-22.pdf
"Islamabad      
Azad Kashmir  
Gilgit Baltistan","- 
3 
3","1 
10 
10","1 
  
30 
  
23",,"2 
  
69 
  
30",,"35 
  
383 
  
121",,"129 
  
1647 
  
600",,ASP 21-22.pdf
Grand Total,36,156,628,,1718,,12304,,49507,,ASP 21-22.pdf
