0,1,2,3,4,5,6,7,8,9,10,11,12,13,14,15,Source_PDF
Table 89,,,,,,,,,,,,,,,,ASP for Web 2024.pdf
USE OF PLANT PROTECTION MEASURES ON IMPORTANT   CROPS BY SIZE OF FARM-2010,,,,,,,,,,,,,,,,ASP for Web 2024.pdf
"Size of Farm 
(Hectares)","Total 
Cropped 
Area","Area covered by 
Plant Protection",,Percent of crop area covered by Plant Protection measures,,,,,,,,,,,,ASP for Web 2024.pdf
,,Area,"% of Total 
Cropped",Wheat,Cotton,Sugarcane,Rice,Maize,Onion,Potatoes,Tobacco,Sunflower,Orchards,Vegetables,Other Crops,ASP for Web 2024.pdf
1,2,3,4,5,6,7,8,9,10,11,12,13,14,15,16,ASP for Web 2024.pdf
