0,1,2,3,4,5,6,7,8,9,10,11,12,13,Source_PDF
Table 111,,,,,,,,,,,,,,ASP for Web 2024.pdf
Number of Tubewells and Lift Pumps,,,,,,,,,,,,,,ASP for Web 2024.pdf
by Type of Power,,,,,,,,,,,,,,ASP for Web 2024.pdf
Administrative Unit,Total Tube-wells/Lift Pumps,Number of Tubewells,,,,,,Number of Lift Pumps,,,,,,ASP for Web 2024.pdf
,,Government,,,Private,,,Government,,,Private,,,ASP for Web 2024.pdf
,,Total,Electric,Diesel,Total,Electric,Diesel,Total,Electric,Diesel,Total,Electric,Diesel,ASP for Web 2024.pdf
