0,1,2,3,4,5,6,7,8,9,10,11,12,Source_PDF
Table - 100,,,,,,,,,,,,,ASP for Web 2024.pdf
AGRICULTURAL CREDIT - DEVELOPMENT LOANS,,,,,,,,,,,,,ASP for Web 2024.pdf
ADVANCED BY ALL BANKS.,,,,,,,,,,,,,ASP for Web 2024.pdf
( Rs. in million),,,,,,,,,,,,,ASP for Web 2024.pdf
"Province / 
Year","Plough 
Cattle.","Tube 
wells & 
other 
wells.","Tractors 
(incl. 
Implemen
ts)",Orchards,"Farm 
Transport
ation","Godown/ 
Cold 
storage","Land 
Improvem
ent","Farm 
machiner
y","High 
quality 
seed 
proc. unit","Leasing 
Compa
nies",Others.,Total,ASP for Web 2024.pdf
