0,1,Source_PDF
0.0,,ASP for Web 2024.pdf
,,ASP for Web 2024.pdf
,,ASP for Web 2024.pdf
,,ASP for Web 2024.pdf
,,ASP for Web 2024.pdf
,,ASP for Web 2024.pdf
,,ASP for Web 2024.pdf
,,ASP for Web 2024.pdf
,,ASP for Web 2024.pdf
,Area,ASP for Web 2024.pdf
,('000') Acres,ASP for Web 2024.pdf
,,ASP for Web 2024.pdf
,,ASP for Web 2024.pdf
,,ASP for Web 2024.pdf
,,ASP for Web 2024.pdf
,,ASP for Web 2024.pdf
,,ASP for Web 2024.pdf
,,ASP for Web 2024.pdf
,,ASP for Web 2024.pdf
,,ASP for Web 2024.pdf
,,ASP for Web 2024.pdf
,,ASP for Web 2024.pdf
,"('000') Ton
Production",ASP for Web 2024.pdf
,,ASP for Web 2024.pdf
,,ASP for Web 2024.pdf
,,ASP for Web 2024.pdf
,,ASP for Web 2024.pdf
,,ASP for Web 2024.pdf
,,ASP for Web 2024.pdf
,,ASP for Web 2024.pdf
,,ASP for Web 2024.pdf
,,ASP for Web 2024.pdf
,,ASP for Web 2024.pdf
,,ASP for Web 2024.pdf
,Yield (T/Acre),ASP for Web 2024.pdf
,"2.0
4.0
6.0
8.0
10.0
Yield",ASP for Web 2024.pdf
