0,1,2,Source_PDF
TABLE OF CONTENTS,,,ASP for Web 2024.pdf
"Table No. 
Contents 
Page",,,ASP for Web 2024.pdf
"Agriculture Statistics of Pakistan Salient Features in Charts 2021-22 
i-xv",,,ASP for Web 2024.pdf
"Table  1 
1 
Summary of Area, Production and Yield of Agricultural Commodities",,,ASP for Web 2024.pdf
"Part-I  AREA, PRODUCTION & YIELD OF IMPORTANT CROPS",,,ASP for Web 2024.pdf
a)   MAJOR AND MINOR CROPS,,,ASP for Web 2024.pdf
Table  2,Area and Production of Crops by Groups,2,ASP for Web 2024.pdf
Table  3,Wheat,3,ASP for Web 2024.pdf
Table  4,Wheat (Variety-Wise),5,ASP for Web 2024.pdf
Table  5,Wheat by Mode of Irrigation,8,ASP for Web 2024.pdf
Table  6,Rice,13,ASP for Web 2024.pdf
Table  7,Rice (Variety Wise),15,ASP for Web 2024.pdf
Table  8,Maize,20,ASP for Web 2024.pdf
Table  9,Bajra (Millet),22,ASP for Web 2024.pdf
Table  10,Jowar (Sorghum),24,ASP for Web 2024.pdf
Table  11,Barley,26,ASP for Web 2024.pdf
Table  12,All Cereals,28,ASP for Web 2024.pdf
Table  13,Sugarcane,29,ASP for Web 2024.pdf
Table  14,Cotton,31,ASP for Web 2024.pdf
Table  15,Cotton (Variety Wise),33,ASP for Web 2024.pdf
Table  16,Sunhemp,36,ASP for Web 2024.pdf
Table  17,Tobacco,38,ASP for Web 2024.pdf
Table  18,Sugarbeet,40,ASP for Web 2024.pdf
Table  19,Guarseed,42,ASP for Web 2024.pdf
Table  20,Gram,44,ASP for Web 2024.pdf
Table  21,Mung,46,ASP for Web 2024.pdf
Table  22,Mash,48,ASP for Web 2024.pdf
Table  23,Masoor (Lentil),50,ASP for Web 2024.pdf
Table  24,Mattar (Dry Pease Whole),52,ASP for Web 2024.pdf
Table  25,Other Kharif Pulses,54,ASP for Web 2024.pdf
Table  26,Other Rabi Pulses,56,ASP for Web 2024.pdf
Table  27,All Pulses,58,ASP for Web 2024.pdf
Table  28,Rapeseed and Mustard,59,ASP for Web 2024.pdf
Table  29,Canola,61,ASP for Web 2024.pdf
Table  30,Groundnut,63,ASP for Web 2024.pdf
Table  31,Sesamum,65,ASP for Web 2024.pdf
Table  32,Non-Traditional Oilseeds,67,ASP for Web 2024.pdf
Table  33,Linseed,70,ASP for Web 2024.pdf
Table  34,Castorseed,72,ASP for Web 2024.pdf
Table  35,Onion,74,ASP for Web 2024.pdf
Table  36,Garlic,76,ASP for Web 2024.pdf
Table  37,Chillies,78,ASP for Web 2024.pdf
