0,1,2,3,4,5,6,7,8,9,10,Source_PDF
Table 61,,,,,,,,,,,ASP 21-22.pdf
LAND UTILIZATION STATISTICS,,,,,,,,,,,ASP 21-22.pdf
(Million Hectares),,,,,,,,,,,ASP 21-22.pdf
"Year/ 
Province","Geogra- 
phical 
area","Total 
area 
repor- 
ted col. 
(4 to7)","Forest 
area","Not 
availa- 
ble for 
Culti- 
vation","Cultur- 
able 
waste","Culti- 
vated 
area 
Col. 
(8+9)","Cur- 
rent 
fallow","Net 
area 
sown","aArea 
sown 
more 
than 
once","Total 
cropped 
area 
Col. 
(9+10)",ASP 21-22.pdf
1,2.0,3.0,4.0,5.0,6.0,7.0,8.0,9.0,10.0,11.0,ASP 21-22.pdf
