0,1,Source_PDF
"0.5
0.7
1,500
0.8
3,000
1.0
4,500
1.1
('000') Acres
('000') Tons
Area
Production
Yield (T/Acre)
6,000
 
 
 
 
 
 
 
0
1999-00
2000-01
2001-02
2002-03
2003-04
2004-05
2005-06
2006-07
2007-08
2008-09
 
2009-10
2010-11
2011-12
2012-13
2013-14
2014-15
2015-16
2016-17
2017-18
2018-19
2019-20
2020-21
2021-22
2022-23
2023-24
Yield",,ASP for Web 2024.pdf
,,ASP for Web 2024.pdf
,,ASP for Web 2024.pdf
,,ASP for Web 2024.pdf
,,ASP for Web 2024.pdf
,,ASP for Web 2024.pdf
,,ASP for Web 2024.pdf
,,ASP for Web 2024.pdf
,,ASP for Web 2024.pdf
,,ASP for Web 2024.pdf
,,ASP for Web 2024.pdf
,,ASP for Web 2024.pdf
,,ASP for Web 2024.pdf
,,ASP for Web 2024.pdf
,,ASP for Web 2024.pdf
,,ASP for Web 2024.pdf
,,ASP for Web 2024.pdf
,,ASP for Web 2024.pdf
,,ASP for Web 2024.pdf
,,ASP for Web 2024.pdf
,,ASP for Web 2024.pdf
,,ASP for Web 2024.pdf
,,ASP for Web 2024.pdf
,,ASP for Web 2024.pdf
,,ASP for Web 2024.pdf
,,ASP for Web 2024.pdf
,,ASP for Web 2024.pdf
,,ASP for Web 2024.pdf
,,ASP for Web 2024.pdf
,,ASP for Web 2024.pdf
,,ASP for Web 2024.pdf
,,ASP for Web 2024.pdf
,,ASP for Web 2024.pdf
,,ASP for Web 2024.pdf
,,ASP for Web 2024.pdf
,,ASP for Web 2024.pdf
,,ASP for Web 2024.pdf
,,ASP for Web 2024.pdf
,,ASP for Web 2024.pdf
,,ASP for Web 2024.pdf
,,ASP for Web 2024.pdf
,,ASP for Web 2024.pdf
,,ASP for Web 2024.pdf
,,ASP for Web 2024.pdf
,,ASP for Web 2024.pdf
,,ASP for Web 2024.pdf
,,ASP for Web 2024.pdf
,,ASP for Web 2024.pdf
,,ASP for Web 2024.pdf
,,ASP for Web 2024.pdf
