0,1,2,Source_PDF
Table No.,Contents,Page,ASP for Web 2024.pdf
Table  142,Procurement/ Support Prices of Wheat and Intervention Price of Rice,228,ASP for Web 2024.pdf
Table  143,Intervention Prices of Cotton,229,ASP for Web 2024.pdf
Table  144,Support/ Indicative Prices of Sugarcane,230,ASP for Web 2024.pdf
Table  145,Monthly Wholesale Price of Wheat,231,ASP for Web 2024.pdf
Table  146,Monthly Wholesale Prices of Rice Basmati (Super Quality),239,ASP for Web 2024.pdf
Table  147,Monthly Wholesale Price of Rice (Irri-6),247,ASP for Web 2024.pdf
Table  148,Monthly Wholesale Price of Maize,255,ASP for Web 2024.pdf
Table  149,Monthly Wholesale Price of Gram (Black),259,ASP for Web 2024.pdf
Table  150,Monthly Wholesale Price of Mash (Whole),267,ASP for Web 2024.pdf
Table  151,Monthly Wholesale Price of Mung (Whole),273,ASP for Web 2024.pdf
Table  152,Monthly Wholesale Price of Masoor (Whole),281,ASP for Web 2024.pdf
Table  153,Monthly Wholesale Prices of Potato (Red),289,ASP for Web 2024.pdf
Table  154,Monthly Wholesale Price of Onion,293,ASP for Web 2024.pdf
Table  155,Fixed Sale Prices of Light Diesel Oil (LDO),297,ASP for Web 2024.pdf
Table  156,Fixed Sale Prices of Petroleum Products,298,ASP for Web 2024.pdf
Table  157,Electricity Rates for Agricultural Tubewells,299,ASP for Web 2024.pdf
Table  158,International Export Prices of Cereals,301,ASP for Web 2024.pdf
Table  159,Selected International Commodity Prices,301,ASP for Web 2024.pdf
Part-XI   MISCELLANEOUS,,,ASP for Web 2024.pdf
Table  160,Procurement of Wheat  (May-April),302,ASP for Web 2024.pdf
Table  161,Procurement of Rice,303,ASP for Web 2024.pdf
Table  162,Government Storage Capacity,304,ASP for Web 2024.pdf
Table  163,Production of Cotton Textiles,305,ASP for Web 2024.pdf
Table  164,Sugarcane and Sugar Production,307,ASP for Web 2024.pdf
Table  165,Per Capita Monthly Consumption of Major Food Items,310,ASP for Web 2024.pdf
Table  166,Per Capita Availability of Wheat (May-April),310,ASP for Web 2024.pdf
Table  167,Per Capita Availability of Rice (July-June),311,ASP for Web 2024.pdf
Table  168,Per Capita Availability of Pulses (July-June),311,ASP for Web 2024.pdf
Table  169,Per Capita Availability of Edible Oils and Vanaspati (July-June),312,ASP for Web 2024.pdf
Table  170,Per Capita Availability of Meat (July-June),312,ASP for Web 2024.pdf
Table  171,Per Capita Availability of Milk (July-June),312,ASP for Web 2024.pdf
Table  172,Per Capita Consumption of Fish,313,ASP for Web 2024.pdf
Table  173,Population by Sex and Rural/Urban Areas Census-2017,316,ASP for Web 2024.pdf
Table  174,Population Estimates of Pakistan,317,ASP for Web 2024.pdf
Table  175,"Administrative  Units  Of  Provinces,  FCT,  Azad  Kashmir  &  Gilgit 
Baltistan (as on 25-07-2022)",319,ASP for Web 2024.pdf
Table  176,Villages/ Sub Villages Electrified,320,ASP for Web 2024.pdf
Table  177,Estimate of GDP at Constant Factor Cost of (2015-16),321,ASP for Web 2024.pdf
Table  178,NFS&R Public Sector Development Plans (2021-22),324,ASP for Web 2024.pdf
Table  179,"Federal  Budgetary  Public  Sector  Development  Programme  (Ministry/ 
Division-Wise Summary)",328,ASP for Web 2024.pdf
Table  180,Province-Wise Agriculture Sector Share in PSDP/ADP,329,ASP for Web 2024.pdf
