0,1,2,Source_PDF
Table No.,Contents,Page,ASP for Web 2024.pdf
Table  108,"Number of Private Tubewells (Including Lift Pumps) by Horse Power 
of Electric Motors/Diesel Engine/ Other Power Source",192,ASP for Web 2024.pdf
Table  109,Levelling and Cultivating Equipments Owned by Tractor Owners,193,ASP for Web 2024.pdf
Table  110,Number of Private Tubewells and Lift Pumps by Type of Ownership,194,ASP for Web 2024.pdf
Table  111,Number of Tubewells and Lift Pumps by Type of Power,194,ASP for Web 2024.pdf
Table  112,Private Tubewells and Lift Pumps by Purpose of Installation,195,ASP for Web 2024.pdf
Table  113,"Use and Renting Out Time of Private Electric & Diesel Tubewells/Lift 
Pumps During Last 12 Months",195,ASP for Web 2024.pdf
Table  114,Number of Tractors,196,ASP for Web 2024.pdf
Table  115,Number of Privately Owned Tractors by Make,197,ASP for Web 2024.pdf
Table  116,Number of Private Tractors by Horse Power,197,ASP for Web 2024.pdf
Table  117,Number of Tractors by Type of Ownership,197,ASP for Web 2024.pdf
Table  118,Total Distribution and Consumption of Electricity in Agriculture Sector,198,ASP for Web 2024.pdf
Table  119,Consumption of Petroleum Products in Agriculture Sector,199,ASP for Web 2024.pdf
Part-VI   LIVESTOCK,,,ASP for Web 2024.pdf
Table  120,Province-Wise Livestock  Population,200,ASP for Web 2024.pdf
Table  121,Estimated Livestock Population,202,ASP for Web 2024.pdf
Table  122,Estimated Milk Production,206,ASP for Web 2024.pdf
Table  123,Estimated Meat and Eggs Production,206,ASP for Web 2024.pdf
Table  124,Estimated Production of Other Livestock Products,208,ASP for Web 2024.pdf
Part-VII   FISHERIES,,,ASP for Web 2024.pdf
"Table  125 
209 
Fish Production",,,ASP for Web 2024.pdf
"Table  126 
210 
Fishing Crafts",,,ASP for Web 2024.pdf
Part-VIII   FORESTRY,,,ASP for Web 2024.pdf
Table  127,Share of Forestry in Value Added of Agriculture Sector,212,ASP for Web 2024.pdf
Table  128,"Geographical  Breakup  of  Land  Area  in  Pakistan  (Including  AJK  & 
Gilgit Baltistan)",213,ASP for Web 2024.pdf
Table  129,Area of Forests by Legal Classification,214,ASP for Web 2024.pdf
Table  130,"Forest  Area  Under  the  Control  of  Forest  Departments  by  Types  of 
Vegetation",215,ASP for Web 2024.pdf
Table  131,Area Afforested,216,ASP for Web 2024.pdf
Table  132,Area Regenerated,217,ASP for Web 2024.pdf
Table  133,Major Forest Products of Pakistan,218,ASP for Web 2024.pdf
Table  134,Out-Turn of Minor Forest Products,219,ASP for Web 2024.pdf
Table  135,Revenue Earned by Forest Departments,220,ASP for Web 2024.pdf
Part-IX    TRADE,,,ASP for Web 2024.pdf
Table  136,Quantity and Value of Export of Major Agricultural Commodities,221,ASP for Web 2024.pdf
Table  137,Import of Wood and Wood Products,223,ASP for Web 2024.pdf
Table  138,Import of Edible Oils,224,ASP for Web 2024.pdf
Table  139,Import of Wheat  (May-April),225,ASP for Web 2024.pdf
Table  140,Import of Milk and Milk Products,226,ASP for Web 2024.pdf
Table  141,Import of Other Agricultural Commodities,227,ASP for Web 2024.pdf
Part-X   PRICES,,,ASP for Web 2024.pdf
