0,1,2,3,4,5,6,7,Source_PDF
"ADMINISTRATIVE UUNITS OF PROVINCES, FCT,AZAD KASHMIR & GILGIT 
BALTISTAN",,,,,,,,ASP 21-22.pdf
(AS ON 25-07-2022),,,,,,,,ASP 21-22.pdf
"Provinc
e/ 
Admn. 
Area","METR
O 
CORP",DISTRICT,Municipal,,"Town 
Committe
e","Cantonme
nt","Total Urban 
Area",ASP 21-22.pdf
,,CORP,Corp,"Committ
ee",,,,ASP 21-22.pdf
"PUNJA
B 
KPK* 
SINDH  
Baluchi
stan","5 
- 
1$ 
1","- 
- 
6 
-","9 
1 
5 
4","183 
38 
35 
56","67 
17 
148 
 -","20 
11 
8 
4","284 
67 
202 
65",ASP 21-22.pdf
Total,6,6,19,312,232,43,618,ASP 21-22.pdf
"Islamab
ad      
Azad 
Kashmi
r  
Gilgit 
Baltista
n","1 
 - 
 -","- 
- 
-","- 
5 
 -","- 
14 
5","- 
12 
 -","- 
 - 
 -","1 
31 
5",ASP 21-22.pdf
"Grand 
Total",7,6,24,331,244,43,655,ASP 21-22.pdf
