0,1,2,Source_PDF
Table No.,Contents,Page,ASP for Web 2024.pdf
Table  38,Coriander,80,ASP for Web 2024.pdf
Table  39,Turmeric,82,ASP for Web 2024.pdf
Table  40,Ginger,84,ASP for Web 2024.pdf
b)  VEGETABLES,,,ASP for Web 2024.pdf
"Table  41 
85 
Potato",,,ASP for Web 2024.pdf
"Table  42 
87 
Tomato",,,ASP for Web 2024.pdf
"Table  43 
89 
Vegetables (Excluding Potato)",,,ASP for Web 2024.pdf
c)  FODDER,,,ASP for Web 2024.pdf
"Table  44 
90 
Fodder Crops",,,ASP for Web 2024.pdf
d)  FRUIT,,,ASP for Web 2024.pdf
Table  45,Citrus,92,ASP for Web 2024.pdf
Table  46,Mango,93,ASP for Web 2024.pdf
Table  47,Banana,94,ASP for Web 2024.pdf
Table  48,Apple,95,ASP for Web 2024.pdf
Table  49,Guava,96,ASP for Web 2024.pdf
Table  50,Apricot,97,ASP for Web 2024.pdf
Table  51,Peach,98,ASP for Web 2024.pdf
Table  52,Pears,99,ASP for Web 2024.pdf
Table  53,Plums,100,ASP for Web 2024.pdf
Table  54,Grapes,101,ASP for Web 2024.pdf
Table  55,Pomegranate,102,ASP for Web 2024.pdf
Table  56,Dates,103,ASP for Web 2024.pdf
Table  57,Almonds,104,ASP for Web 2024.pdf
Table  58,All Fruit,105,ASP for Web 2024.pdf
Table  59,Targets of Various Crops,106,ASP for Web 2024.pdf
Table  60,"Area, Production and Yield of Some Major Crops in the Main Growing 
Countries",108,ASP for Web 2024.pdf
Part-II   LAND USE AND AREA IRRIGATED BY SOURCES,,,ASP for Web 2024.pdf
Table  61,Land Utilization Statistics,114,ASP for Web 2024.pdf
Table  62,Distribution of Cropped Area,120,ASP for Web 2024.pdf
Table  63,Share of Different Important Kharif/ Rabi Crops by Size of Farm,124,ASP for Web 2024.pdf
Table  64,Area Irrigated by Different Sources,125,ASP for Web 2024.pdf
Table  65,Number and Area of Farms by Size of Farm-2010,128,ASP for Web 2024.pdf
Table  66,Number and Area of Private Farms by Tenure-2010,130,ASP for Web 2024.pdf
Table  67,Farms Reporting and Area Under Wheat by Size of Farm Pakistan,131,ASP for Web 2024.pdf
Table  68,Farms Reporting and Area Under Paddy by Size of Farm Pakistan,132,ASP for Web 2024.pdf
Table  69,Farms Reporting and Area Under Cotton by Size of Farm Pakistan,133,ASP for Web 2024.pdf
Table  70,Farms Reporting and Area Under Maize by Size of Farm Pakistan,134,ASP for Web 2024.pdf
Table  71,Farms Reporting and Area Under Sugarcane by Size of Farm Pakistan,135,ASP for Web 2024.pdf
Table  72,"Progress  of  Implementation  of  Land  Reforms,  Area  Resumed  Area 
Allotted and Families Benefitted Upto 30-06-2022",136,ASP for Web 2024.pdf
Table  73,Extent of Water Logging and Salinity,137,ASP for Web 2024.pdf
