0,1,2,3,4,5,6,7,8,9,10,Source_PDF
Table 61,,,,,,,,,,,ASP for Web 2024.pdf
LAND UTILIZATION STATISTICS,,,,,,,,,,,ASP for Web 2024.pdf
(Million Hectares),,,,,,,,,,,ASP for Web 2024.pdf
Year/ Province,"Geograp
hical
Area","Total area
reported 
col.
(4 to7)",Forest Area,"Not 
available 
for 
cultivation","Culturabl
e","Cultivated 
area Col. 
(8+9)","Current 
fallow",Net area sown,"Area 
sown 
more 
than once","Total 
cropped 
area Col. 
(9+10)",ASP for Web 2024.pdf
1,2,3,4,5,6,7,8,9,10,11,ASP for Web 2024.pdf
