0,1,2,3,4,Source_PDF
Table 112,,,,,ASP 21-22.pdf
"Private Tubewells and Lift Pumps 
by Purpose of Installation",,,,,ASP 21-22.pdf
"Administrative 
Unit/ Type of 
Tube-Wells",Total,Number of Tubewells/Lift pumps by Purpose of Installation,,,ASP 21-22.pdf
,number of,Supplementing,"Irrigation of 
Replacement of",,ASP 21-22.pdf
,tubewells/,Canal water,"Barani/Sailaba land 
wells/karezes",,ASP 21-22.pdf
,lift pumps,"Number 
% of","Number 
% of 
Number 
% of",,ASP 21-22.pdf
,,Total,"Total 
Total",,ASP 21-22.pdf
