0,1,2,3,4,5,6,7,8,9,10,11,12,13,14,15,16,17,Source_PDF
Table 106,,,,,,,,,,,,,,,,,,ASP 21-22.pdf
FARMS REPORTING USE OF IMPORTANT AGRICULTURAL MACHINERY,,,,,,,,,,,,,,,,,,ASP 21-22.pdf
BY SIZE OF FARM,,,,,,,,,,,,,,,,,,ASP 21-22.pdf
(In '000'Hectares),,,,,,,,,,,,,,,,,,ASP 21-22.pdf
,,Farms Reporting Use of,,,,,,,,,,,,,,,,ASP 21-22.pdf
,All,Tractors,,Tubewell/,,Thresher,,Sheller,,Combined,,Reaper,,Drill,,Spray,,ASP 21-22.pdf
Size of Farm,Farms,,,Pump,,,,,,Harvested,,Harvested,,,,Machine,,ASP 21-22.pdf
(Hectares),,Owned,Rented,Owned,Rented,Owned,Rented,Owned,Rented,Owned,Rented,Owned,Rented,Owned,Rented,Owned,Rented,ASP 21-22.pdf
,,,,,,,,,,,,,,,,,,ASP 21-22.pdf
1,2,3,4,5,6,7,8,9,10,11,12,13,14,15,16,17,18,ASP 21-22.pdf
