0,1,2,Source_PDF
"* Includes wheat, Rice, Maize, Jowar and Barley
10,000
20,000
30,000
40,000
50,000
60,000
0
1999-00
2000-01
2001-02
2002-03
2003-04
2004-05
2005-06
2006-07
2007-08
2008-09
2009-10
2010-11
2011-12
2012-13
2013-14
2014-15
2015-16
2016-17
2017-18
2018-19
2019-20
2020-21
2021-22
2022-23
2023-24",,,ASP for Web 2024.pdf
,,,ASP for Web 2024.pdf
,,,ASP for Web 2024.pdf
,,,ASP for Web 2024.pdf
,,,ASP for Web 2024.pdf
,,,ASP for Web 2024.pdf
,,,ASP for Web 2024.pdf
,,,ASP for Web 2024.pdf
,,,ASP for Web 2024.pdf
,,,ASP for Web 2024.pdf
,,,ASP for Web 2024.pdf
,,,ASP for Web 2024.pdf
,,,ASP for Web 2024.pdf
,,,ASP for Web 2024.pdf
,,,ASP for Web 2024.pdf
,Area,,ASP for Web 2024.pdf
,,,ASP for Web 2024.pdf
,('000') Acres,,ASP for Web 2024.pdf
,,,ASP for Web 2024.pdf
,,,ASP for Web 2024.pdf
,,,ASP for Web 2024.pdf
,,,ASP for Web 2024.pdf
,,,ASP for Web 2024.pdf
,,,ASP for Web 2024.pdf
,,,ASP for Web 2024.pdf
,,,ASP for Web 2024.pdf
,,,ASP for Web 2024.pdf
,,,ASP for Web 2024.pdf
,,,ASP for Web 2024.pdf
,,,ASP for Web 2024.pdf
,,,ASP for Web 2024.pdf
,"('000') Tons
Production",,ASP for Web 2024.pdf
,,,ASP for Web 2024.pdf
,,,ASP for Web 2024.pdf
,,,ASP for Web 2024.pdf
,,,ASP for Web 2024.pdf
,,,ASP for Web 2024.pdf
,,,ASP for Web 2024.pdf
,,,ASP for Web 2024.pdf
,,,ASP for Web 2024.pdf
,,,ASP for Web 2024.pdf
,,,ASP for Web 2024.pdf
,,,ASP for Web 2024.pdf
,,,ASP for Web 2024.pdf
,,,ASP for Web 2024.pdf
,,,ASP for Web 2024.pdf
,,,ASP for Web 2024.pdf
,,,ASP for Web 2024.pdf
,,,ASP for Web 2024.pdf
,,,ASP for Web 2024.pdf
,,,ASP for Web 2024.pdf
