0,1,2,3,4,5,6,7,8,9,10,11,12,13,14,15,16,17,18,19,20,21,Source_PDF
"50,990
41,133
52,631
42,454
54,328
43,818
56,080
45,228
57,890
46,682
59,759
48,185
61,690
49,738
63,684
51,341
65,745
52,997
67,873
55,707
70,071
56,474
('000') Tons 
 
Production
Consumption
 
 
 
 
 
 
2013-14
2014-15
2015-16
2016-17
2017-18
2018-19
2019-20
2020-21
2021-22
2022-23
2023-24
 
Note: 15% of total milk production is excluded as milk sucked by youg animals, 5% is excluded as wastage in 
 
transportation. Only 5% of adult female sheep and 15% of adult female goats and 50% of adult female camels are milked 
for human consumption",,,,,,,,,,,,,,,,,,,,,,ASP for Web 2024.pdf
,,,,,,,,,,,,,,,,,,,,,,ASP for Web 2024.pdf
