0,1,2,3,4,Source_PDF
CONVERSION FACTORS,,,,,ASP for Web 2024.pdf
Weights,,,,,ASP for Web 2024.pdf
One pound (16. Oz),=,0.45359 Kgs,=,0.48609 Seer.,ASP for Web 2024.pdf
One hundred weight (112 lbs.),=,50.80208 Kgs,=,1.361 Maunds.,ASP for Web 2024.pdf
One ton (2240 lbs.),=,1.01605 M. tons,=,27.22 Maunds.,ASP for Web 2024.pdf
,,,=,5.60/5.71 bales,ASP for Web 2024.pdf
,,,=,of jute/cotton,ASP for Web 2024.pdf
One tonne,=,0.984   Tons,=,26.792 Maunds.,ASP for Web 2024.pdf
Cotton bale (375 Lbs.),=,170.09 Kgs,=,4.5571 Maunds,ASP for Web 2024.pdf
,,,=,0.1674 Long ton,ASP for Web 2024.pdf
1 Bushel per acre,=,67.253 Kgs. per hectare,,,ASP for Web 2024.pdf
1 Bushel,=,0.73 Maund.,,,ASP for Web 2024.pdf
,=,29.17 Seers.,,,ASP for Web 2024.pdf
,=,60.00 Lbs.,,,ASP for Web 2024.pdf
Length,,,,,ASP for Web 2024.pdf
One inch,=,25.3999 Millimeters,,,ASP for Web 2024.pdf
One foot (12 inches),=,0.3048 Meter,,,ASP for Web 2024.pdf
One yard (3 feet),=,0.9144 Meter,,,ASP for Web 2024.pdf
One mile (1760 yards),=,1.60934 Kilometers,,,ASP for Web 2024.pdf
Square Measures,,,,,ASP for Web 2024.pdf
One square yard,=,Nine Square Feet,=,0.83613 Square Meter,ASP for Web 2024.pdf
One acre,=,4840 Square Yards,=,0.40468 Hectares,ASP for Web 2024.pdf
One square mile,=,640 Acres,=,258.99842 Hectare,ASP for Web 2024.pdf
One square kilometer,,,=,0.3861 Square Mile,ASP for Web 2024.pdf
One Hectare,,,=,2.4711 Acres,ASP for Web 2024.pdf
One Cubic Meter,,,=,2.4711 Acres/,ASP for Web 2024.pdf
,,,,(35.3147 Cubic Feet),ASP for Web 2024.pdf
Liquid,,,,,ASP for Web 2024.pdf
"One imperial gallon
=
4.5461 liters or 1.2 U.S gallons",,,,,ASP for Web 2024.pdf
"One U.S. gallon
=
3.7853 liters.",,,,,ASP for Web 2024.pdf
GENERAL CONVERSIONS,,,,,ASP for Web 2024.pdf
Divide,,By Factor,,To obtain,ASP for Web 2024.pdf
Acres,,2.4711,,Hectares,ASP for Web 2024.pdf
Long ton,,0.9842,,M. tons,ASP for Web 2024.pdf
Cotton bales (375 lbs.),,5.973,,Long tons,ASP for Web 2024.pdf
Cotton bales (375 lbs.),,5.879,,M. tons,ASP for Web 2024.pdf
Maunds,,26.79,,M. tons,ASP for Web 2024.pdf
Price per 40 kgs.,,1.0716,,Price/maund,ASP for Web 2024.pdf
Yield kgs per hect.,,92.2313,,Yield maunds/acre.,ASP for Web 2024.pdf
Rice,,0.666,,Paddy,ASP for Web 2024.pdf
Cotton Lint,,0.333,,Seed Cotton,ASP for Web 2024.pdf
N.B.: - In case of vice versa multiply with the factor.,,,,,ASP for Web 2024.pdf
