0,1,2,Source_PDF
Table No.,Contents,Page,ASP for Web 2024.pdf
Table  181,Assessment and Collection of Ushr,330,ASP for Web 2024.pdf
Table  182,Land Revenue Receipts of the Provincial Governments,332,ASP for Web 2024.pdf
Table  183,Number of Agro-Based Industries With Value of Production,333,ASP for Web 2024.pdf
Table  184,"Crop-Wise Composition of Value Added of Major Agricultural Crops 
(at Constant Basis Prices of 2015-16)",334,ASP for Web 2024.pdf
Table  185,"Gross  Value  Added  of  Important  Crops  at  Constant  Basic  Prices  of 
(2015-16)",334,ASP for Web 2024.pdf
Table  186,Gross Value Added of Important Crops at Current Basic Prices,335,ASP for Web 2024.pdf
Table  187,"Gross Value Addition of Other Crops at Constant Basic Prices of (2015-
16)",336,ASP for Web 2024.pdf
Table  188,Gross Value Addition of Minor Crops at Current Basic Prices,337,ASP for Web 2024.pdf
Table  189,Gross Value Added of Livestock at Basic Prices of (2015-16 Base),338,ASP for Web 2024.pdf
Table  190,Gross Value Added of Livestock at Current Prices (2015-16 Base),339,ASP for Web 2024.pdf
Table  191,Acreage and Quantum Indices of Major Agricultural Crops,340,ASP for Web 2024.pdf
---,Conversion Factors,,ASP for Web 2024.pdf
Contact,Telephone Number,,ASP for Web 2024.pdf
