0,1,2,3,4,5,6,7,8,9,10,11,12,13,14,Source_PDF
Table 111,,,,,,,,,,,,,,,ASP 21-22.pdf
"Number of Tubewells and Lift Pumps 
by Type of Power",,,,,,,,,,,,,,,ASP 21-22.pdf
,Total,Number of Tubewells,,,,,,Number of Lift Pumps,,,,,,,ASP 21-22.pdf
"Admini-    
strative","Tube-
wells 
/Lift","Governmen
Private  
t",,,,,,Government,,,Private,,,,ASP 21-22.pdf
,,Total,Electric,Diesel,Total,Electric,Diesel,,Total,Electric,Diesel,Total,Electric,Diesel,ASP 21-22.pdf
Unit,"Pump
s",,,,,,,,,,,,,,ASP 21-22.pdf
