0,1,2,3,4,5,6,7,8,9,10,11,12,13,14,Source_PDF
Table 157,,,,,,,,,,,,,,,ASP 21-22.pdf
Electricity Rates for Agricultural Tubewells,,,,,,,,,,,,,,,ASP 21-22.pdf
,Tubewells for reclamation,,,,,,Agricultural Tubewells/Lift irrigation,,,,,,,,ASP 21-22.pdf
"Effective      
From",purpose (SCARP),,,,,,pumps in Punjab and Sindh Areas,,,,,,,,ASP 21-22.pdf
,Fixed Charg.Rs/K.W/Month,EnergyCharges Ps/KWH,FASPs/KWH,Addit. Surch. Ps/KWH,Surcharge@ 10.4%Ps/Kwh,Total Avg-Rate  Ps/Kwh,Fixed Charges Rs/K.W/Month,Energy Charges Ps/KWH,FAS Ps/KWH,Addit. Surch. Ps/KWH,Flat Rate Tariff Rs/H.P/ Month,Addit Surch Rs/H.P/ Month,Surcharge@ 10.4% Ps/Kwh,Total Avg-Rate Ps/Kwh,ASP 21-22.pdf
