Table,Unnamed: 0,Page
No.,Title,Number
18,"Sowing, Fertilizing and Spraying Equipments Rented In by Private",
,Tractor Owners and by Type of Household,27
19,"Sowing, Fertilizing and Spraying Equipments Intended to be",
,Purchased by Private Tractor Owners and by Type of Household,29
20,"Harvesting, Haulage and Processing Equipments Owned by Tractor",
,Owners,31
21,"Harvesting, Haulage and Processing Equipments Rented In by",
,Private Tractor Owners and by Type of Household,32
22,"Harvesting, Haulage and Processing Equipments Intended to be",
,Purchased by Private Tractor Owners and by Type of Household,34
23,Miscellaneous Equipments and Machines Owned by Tractor,
,Owners,36
24,Miscellaneous Equipments and  Machines Rented In  by Private,
,Tractor Owners and by Type of Household,37
25,Miscellaneous Equipments and Machines Intended to be,
,Purchased by Private Tractor Owners and by Type of Household,39
26,Purchase of Tractors and Implements during 2003-04 by Source of,
,Finance and by Type of Household,41
27,Purchase of Tractors and Implements by Source of Finance and by,
,Year of Purchase,43
28,Physical Area Covered by Private Tractors During Last 12 Months,
,by Type of Household,44
29,Use of Private Tractors for Different Operations During Last 12,
,Months by Type of Household,46
30,Use and Renting Out of Private Tractor Time During Last 12 Months,
,by Type of Household,48
31,Use and Renting Out of Private Tractor Time During Last 12 Months,
,by Horse Power,50
32,Use and Renting Out of Private Tractor Time During Last 12 Months,
,by Yearly Hours Worked,51
33,Average Tractor Hiring Charges for Different Operations by Horse,
,Power,52
34,Average Tractor Hiring Charges for Different Operations by Horse,
,Power,53
