7.5 TO UNDER 12.5,360
12.5 TO UNDER 25.0,624
25.0 TO UNDER 50.0,46
50.0 TO UNDER 100.0,243
100.0 AND ABOVE,283
SWABI DISTRICT,
PRIVATE-FARMS TOTAL,19026
UNDER 1.0,2452
1.0 TO UNDER 2.5,4362
2.5 TO UNDER 5.0,5150
5.0 TO UNDER 7.5,2899
7.5 TO UNDER 12.5,3743
12.5 TO UNDER 25.0,419
25.0 TO UNDER 50.0,-
50.0 TO UNDER 100.0,-
100.0 AND ABOVE,-
PESHAWAR DIVISION,
PRIVATE-FARMS TOTAL,126121
UNDER 1.0,6242
1.0 TO UNDER 2.5,27996
2.5 TO UNDER 5.0,39218
5.0 TO UNDER 7.5,22660
7.5 TO UNDER 12.5,8980
12.5 TO UNDER 25.0,18820
25.0 TO UNDER 50.0,771
50.0 TO UNDER 100.0,531
100.0 AND ABOVE,901
CHARSADDA DISTRICT,
PRIVATE-FARMS TOTAL,18695
UNDER 1.0,1931
1.0 TO UNDER 2.5,5008
2.5 TO UNDER 5.0,3985
5.0 TO UNDER 7.5,3712
7.5 TO UNDER 12.5,1580
12.5 TO UNDER 25.0,1157
25.0 TO UNDER 50.0,621
50.0 TO UNDER 100.0,171
100.0 AND ABOVE,530
NOWSHERA DISTRICT,
PRIVATE-FARMS TOTAL,21401
UNDER 1.0,785
,3596
1.0 TO UNDER 2.5,3775
2.5 TO UNDER 5.0,7115
5.0 TO UNDER 7.5,1117
7.5 TO UNDER 12.5,4904
1252.50 TO UNDER 5250.0,109
25.0 TO UNDER 50.0,-
50.0 TO UNDER 100.0,-
P10E0SH.0A AWNADR A DBIOSVTREICT,
PRIVATE-FARMS TOTAL,7274
UNDER 1.0,849
1.0 TO UNDER 2.5,2344
2.5 TO UNDER 5.0,1447
5.0 TO UNDER 7.5,930
7.5 TO UNDER 12.5,666
12.5 TO UNDER 25.0,267
25.0 TO UNDER 50.0,42
50.0 TO UNDER 100.0,358
100.0 AND ABOVE,371
KHYBER DISTRICT,
PRIVATE-FARMS TOTAL,6596
UNDER 1.0,2364
1.0 TO UNDER 2.5,3530
