Table,Unnamed: 0,Unnamed: 1
No.,Title,Page Number
35,Tractor Drivers by Status and by Type of Household,54
36,Private Tractor Owners with Details of Their Operated Area by Size,55
,of Holding,
37,Private Tractor Owners by Tenure and by Type of Household,57
38,Area Added to Farming by Private Tractor Owners After Purchase,59
,of Tractor by Size of Holding,
39,Change in Number of Family Workers on Account of Purchase of,61
,Tractor  by Type  of Household,
40,Change in Number of Permanent Agricultural Workers on Account,
,of Purchase of Tractor by Type  of Household,63
41,Change in Demand for Casual Workers After Purchase of Tractor,65
,by Size of Holding,
42,Change in Number of Work Animals on Account of Purchase of,66
,Tractor by Size of Holding,
43,Tractors Remained Out of Order During Last 12 Months by Number,68
,of Days and by Type  of Household,
44,Availability of Various Type of Workshops for Private Tractors by,70
,Distance,
45,Private Tractors Repaired During Last 12 Months by Type of,71
,Workshops and by Distance,
46,Performance of Tractor Workshops and Availability of Spare Parts,71
47,Service Interval of Private Tractors by Make,72
48,Bulldozers and Combine Harvesters by Type  of Ownership,74
,T U B E W E L L S,
49,Tubewells and Lift Pumps by Type  of Power,75
50,Private Tubewells and Lift Pumps by Type  of Ownership,75
51,Private Centrifugal and Turbine Tubewells by Type  of Ownership,75
52,Private Wells With Pump and Submercible Pumps by Type of,
,Ownership,76
53,Tubewells and Lift Pumps by Working Condition,76
54,"Number of Private Centrifugals, Turbines, Wells With Pump and",76
