UNDER 1.0,-
1.0 TO UNDER 2.5,-
2.5 TO UNDER 5.0,-
5.0 TO UNDER 7.5,-
7.5 TO UNDER 12.5,-
12.5 TO UNDER 25.0,5
25.0 TO UNDER 50.0,20
50.0 TO UNDER 100.0,-
100.0 AND ABOVE,-
RAKHSHAN DIVISION,
PRIVATE-FARMS TOTAL,1274
UNDER 1.0,-
1.0 TO UNDER 2.5,-
5.0 TO UNDER 7.5,-
7.5 TO UNDER 12.5,771
12.5 TO UNDER 25.0,141
25.0 TO UNDER 50.0,18
50.0 TO UNDER 100.0,81
100.0 AND ABOVE,260
KHARAN DISTRICT,
PRIVATE-FARMS TOTAL,43
UNDER 1.0,-
,-
1.0 TO UNDER 2.5,2
2.5 TO UNDER 5.0,-
5.0 TO UNDER 7.5,-
7.5 TO UNDER 12.5,18
2152.50 TO UNDER 5250.0,6
25.0 TO UNDER 50.0,9
50.0 TO UNDER 100.0,8
1W0A0.S0H AUNKD D AISBTORVICET,
PRIVATE-FARMS TOTAL,84
UNDER 1.0,-
1.0 TO UNDER 2.5,-
2.5 TO UNDER 5.0,-
5.0 TO UNDER 7.5,-
7.5 TO UNDER 12.5,80
12.5 TO UNDER 25.0,3
25.0 TO UNDER 50.0,-
50.0 TO UNDER 100.0,-
100.0 AND ABOVE,-
CHAGAI DISTRICT,
PRIVATE-FARMS TOTAL,624
UNDER 1.0,-
1.0 TO UNDER 2.5,-
2.5 TO UNDER 5.0,-
5.0 TO UNDER 7.5,-
7.5 TO UNDER 12.5,231
12.5 TO UNDER 25.0,110
25.0 TO UNDER 50.0,12
50.0 TO UNDER 100.0,20
