1.0 TO UNDER 2.5,1068
2.5 TO UNDER 5.0,3096
5.0 TO UNDER 7.5,5043
7.5 TO UNDER 12.5,15794
12.5 TO UNDER 25.0,17210
25.0 TO UNDER 50.0,7079
25.0 TO UNDER 50.0,2309
50.0 TO UNDER 100.0,2257
K10A0C.H0 HAIN DDI SATBROICVTE,
PRIVATE-FARMS TOTAL,83139
UNDER 1.0,-
1.0 TO UNDER 2.5,3453
2.5 TO UNDER 5.0,10034
5.0 TO UNDER 7.5,15563
7.5 TO UNDER 12.5,23154
12.5 TO UNDER 25.0,24770
25.0 TO UNDER 50.0,238
50.0 TO UNDER 100.0,1324
100.0 AND ABOVE,4603
NASIRABAD DISTRICT,
PRIVATE-FARMS TOTAL,9303
UNDER 1.0,-
1.0 TO UNDER 2.5,-
2.5 TO UNDER 5.0,25
5.0 TO UNDER 7.5,260
7.5 TO UNDER 12.5,1649
12.5 TO UNDER 25.0,7132
25.0 TO UNDER 50.0,154
50.0 TO UNDER 100.0,74
100.0 AND ABOVE,10
SOHBATPUR DISTRICT,
PRIVATE-FARMS TOTAL,330
UNDER 1.0,-
1.0 TO UNDER 2.5,-
2.5 TO UNDER 5.0,65
5.0 TO UNDER 7.5,98
7.5 TO UNDER 12.5,-
12.5 TO UNDER 25.0,-
25.0 TO UNDER 50.0,-
50.0 TO UNDER 100.0,-
100.0 AND ABOVE,167
QUETTA DIVISION,
PRIVATE-FARMS TOTAL,875
UNDER 1.0,-
1.0 TO UNDER 2.5,102
2.5 TO UNDER 5.0,15
5.0 TO UNDER 7.5,17
7.5 TO UNDER 12.5,741
12.5 TO UNDER 25.0,-
25.0 TO UNDER 50.0,-
50.0 TO UNDER 100.0,-
100.0 AND ABOVE,-
KILLA ABDULLAH DISTRICT,
PRIVATE-FARMS TOTAL,12
UNDER 1.0,-
1.0 TO UNDER 2.5,-
2.5 TO UNDER 5.0,5
5.0 TO UNDER 7.5,2
7.5 TO UNDER 12.5,5
,-
2125.50 TO UNDER 5250.0,-
25.0 TO UNDER 50.0,-
50.0 TO UNDER 100.0,-
