30,OWNER-CUM-TENANT HOUSEHOLD: The household operating a farm of which
,a part of the land is owned by himself and the remaining is taken from other
,household(s) for cultivation against rent or share in produce.
,
31.0,TENANT HOUSEHOLD:  The household operating a farm of which the entire land
,is taken from other household(s) for cultivation against rent or share in produce.
,
32.0,"AGRICULTURAL WORK: The work performed for raising of crops, forest,"
,"livestock, poultry, fish and useful insects starting from planning till marketing of the"
,produce.
,
33.0,FAMILY WORKER:  Household members of 10 years and above advising / doing
,any kind of agricultural work on their own farm including operating of  their own
,"agricultural machinery such as driving of their own tractor(s), etc."
,
34.0,PERMANENT HIRED AGRICULTURAL WORKER: The person employed on the
,farm on whole time basis for relatively longer period and getting wage in cash and
,"or kind on fixed period basis i.e. monthly, quarterly, yearly, etc. The paid operator"
,of the agricultural machinery is also included in this category.
,
35.0,CASUAL LABOUR: The labour employed occasionally for specific agricultural
,work on daily wage basis and paid in terms of cash and or part of the produce.
,
36.0,WORK ANIMAL:  All types of livestock used for agricultural purposes. The cow
