UNDER 1.0,31109
1.0 TO UNDER 2.5,141179.0
2.5 TO UNDER 5.0,147449.0
5.0 TO UNDER 7.5,130454.0
7.5 TO UNDER 12.5,112677.0
12.5 TO UNDER 25.0,79914.0
25.0 TO UNDER 50.0,28410.0
50.0 TO UNDER 100.0,13281.0
100.0 AND ABOVE,4965.0
GUJRANWALA DISTRICT,
PRIVATE-FARMS TOTAL,123079.0
UNDER 1.0,3853.0
1.0 TO UNDER 2.5,26457.0
2.5 TO UNDER 5.0,23269.0
5.0 TO UNDER 7.5,21468.0
7.5 TO UNDER 12.5,18747.0
12.5 TO UNDER 25.0,20027.0
25.0 TO UNDER 50.0,4482.0
50.0 TO UNDER 100.0,3190.0
100.0 AND ABOVE,1586.0
GUJRAT DISTRICT,
PRIVATE-FARMS TOTAL,183281.0
UNDER 1.0,12557.0
1.0 TO UNDER 2.5,42009.0
2.5 TO UNDER 5.0,36957.0
5.0 TO UNDER 7.5,32853.0
7.5 TO UNDER 12.5,24719.0
12.5 TO UNDER 25.0,21508.0
25.0 TO UNDER 50.0,9415.0
50.0 TO UNDER 100.0,2378.0
100.0 AND ABOVE,884.0
HAFIZABAD DISTRICT,
PRIVATE-FARMS TOTAL,89195.0
UNDER 1.0,1724.0
1.0 TO UNDER 2.5,12785.0
2.5 TO UNDER 5.0,15286.0
5.0 TO UNDER 7.5,17283.0
7.5 TO UNDER 12.5,22049.0
,10650.0
