5.0 TO UNDER 7.5,-
7.5 TO UNDER 12.5,-
12.5 TO UNDER 25.0,-
25.0 TO UNDER 50.0,-
50.0 TO UNDER 100.0,-
100.0 AND ABOVE,-
LARKANA DISTRICT,
PRIVATE-FARMS TOTAL,925
UNDER 1.0,-
1.0 TO UNDER 2.5,71
2.5 TO UNDER 5.0,93
5.0 TO UNDER 7.5,405
7.5 TO UNDER 12.5,217
12.5 TO UNDER 25.0,94
25.0 TO UNDER 50.0,45
50.0 TO UNDER 100.0,-
100.0 AND ABOVE,-
KAMBAR SHAHDAD KOT DISTRICT,
PRIVATE-FARMS TOTAL,-
UNDER 1.0,-
1.0 TO UNDER 2.5,-
2.5 TO UNDER 5.0,-
5.0 TO UNDER 7.5,-
7.5 TO UNDER 12.5,-
12.5 TO UNDER 25.0,-
25.0 TO UNDER 50.0,-
50.0 TO UNDER 100.0,-
100.0 AND ABOVE,-
SHIKARPUR DISTRICT,
PRIVATE-FARMS TOTAL,633
UNDER 1.0,72
1.0 TO UNDER 2.5,61
2.5 TO UNDER 5.0,96
5.0 TO UNDER 7.5,323
,25
7.5 TO UNDER 12.5,49
2152.50 TO UNDER 5205.0,7
25.0 TO UNDER 50.0,-
50.0 TO UNDER 100.0,-
1M0I0R.P0U ARN KDH AABSO DVIEVISION,
PRIVATE-FARMS TOTAL,209942
UNDER 1.0,161
1.0 TO UNDER 2.5,19963
2.5 TO UNDER 5.0,32250
5.0 TO UNDER 7.5,52604
7.5 TO UNDER 12.5,42741
12.5 TO UNDER 25.0,37095
25.0 TO UNDER 50.0,13369
50.0 TO UNDER 100.0,5871
100.0 AND ABOVE,5889
MIRPUR KHAS DISTRICT,
PRIVATE-FARMS TOTAL,18411
