7.5 TO UNDER 12.5,621
12.5 TO UNDER 25.0,145
25.0 TO UNDER 50.0,318
25.0 TO UNDER 50.0,32
50.0 TO UNDER 100.0,-
1K0A0R.A0 CAHNID C EANBTORVAEL DISTRICT,
PRIVATE-FARMS TOTAL,-
UNDER 1.0,-
1.0 TO UNDER 2.5,-
2.5 TO UNDER 5.0,-
5.0 TO UNDER 7.5,-
7.5 TO UNDER 12.5,-
12.5 TO UNDER 25.0,-
25.0 TO UNDER 50.0,-
50.0 TO UNDER 100.0,-
100.0 AND ABOVE,-
KARACHI SOUTH DISTRICT,
PRIVATE-FARMS TOTAL,-
UNDER 1.0,-
1.0 TO UNDER 2.5,-
2.5 TO UNDER 5.0,-
5.0 TO UNDER 7.5,-
7.5 TO UNDER 12.5,-
12.5 TO UNDER 25.0,-
25.0 TO UNDER 50.0,-
50.0 TO UNDER 100.0,-
100.0 AND ABOVE,-
KORANGI DISTRICT,
PRIVATE-FARMS TOTAL,24
UNDER 1.0,-
1.0 TO UNDER 2.5,0
2.5 TO UNDER 5.0,0
5.0 TO UNDER 7.5,-
7.5 TO UNDER 12.5,24
12.5 TO UNDER 25.0,-
25.0 TO UNDER 50.0,-
50.0 TO UNDER 100.0,-
100.0 AND ABOVE,-
KEAMARI DISTRICT,
PRIVATE-FARMS TOTAL,35
UNDER 1.0,-
1.0 TO UNDER 2.5,35
2.5 TO UNDER 5.0,-
5.0 TO UNDER 7.5,-
7.5 TO UNDER 12.5,-
12.5 TO UNDER 25.0,-
25.0 TO UNDER 50.0,-
50.0 TO UNDER 100.0,-
100.0 AND ABOVE,-
LARKANA DIVISION,
PRIVATE-FARMS TOTAL,1933
UNDER 1.0,72
1.0 TO UNDER 2.5,241
2.5 TO UNDER 5.0,271
5.0 TO UNDER 7.5,841
7.5 TO UNDER 12.5,305
,152
1225.05 TO UNDER 2505.0,52
25.0 TO UNDER 50.0,-
50.0 TO UNDER 100.0,-
1JA0C0O.0B AANBDA DA BDOISVTERICT,
PRIVATE-FARMS TOTAL,362
UNDER 1.0,-
1.0 TO UNDER 2.5,108
2.5 TO UNDER 5.0,69
5.0 TO UNDER 7.5,113
