Table No.,Unnamed: 0,Unnamed: 1,Unnamed: 2,Unnamed: 3,Unnamed: 4,Title,Unnamed: 5,Unnamed: 6,Unnamed: 7,Unnamed: 8,Page Number
74.0,,Area Added,to,Farming,,After Installation of,Tubewells,and,Lift,,97.0
,,Pumps by Size of Holding,,,,,,,,,
75.0,,Effect of Tubewell and Lift Pump Irrigation on Productivity of Land,,,,,,,,,98.0
,,by Size of Holding,,,,,,,,,
76.0,,Use and Renting Out Time of Private Electric Tubewells and Lift,,,,,,,,,100.0
,,Pumps During Last 12 Months by Type  of Household,,,,,,,,,
77.0,,Use and Renting Out Time of Private Diesel Tubewells and Lift,,,,,,,,,102.0
,,Pumps During Last 12 Months by Type  of Household,,,,,,,,,
78.0,,Use and Renting Out Time of Private Tubewells and Lift Pumps,,,,,,,,,104.0
,,During Last 12 Months by Number of Yearly Hours Worked,,,,,,,,,
79.0,,Private Tubewells and Lift Pumps by Purpose of Installation,,,,,,,,,105.0
80.0,,Tubewell Operators by Status and by Type  of  Household,,,,,,,,,106.0
